,dataset,cell_line_label,gene,BINARY,num,neg.score,neg.p.value,neg.fdr,neg.rank,neg.goodsgrna,neg.lfc,pos.score,pos.p.value,pos.fdr,pos.rank,pos.goodsgrna,pos.lfc,is_depleted_mageck,is_enriched_mageck,BF,is_depleted_bagel,avg_neg_lfc
44,scaled,Mel270,AHCYL1,1,8,0.00011681,0.00067719,0.009833,71,7,-0.77845,0.55521,0.55517,0.999995,532,0,-0.77845,1,0,1.538989583,1,-0.837275
95,scaled,OMM25,AHCYL1,1,8,1.9194e-05,0.00016346,0.00225,75,8,-0.80579,0.99998,1,0.999995,1010,0,-0.80579,1,0,4.214260417,1,-0.837275
127,scaled,MP38,AHCYL1,1,8,7.6166e-07,4.6703e-06,0.00019,27,8,-1.1651,0.99999,1,0.999995,1033,0,-1.1651,1,0,3.686760417,1,-0.837275
162,scaled,MP41,AHCYL1,1,8,0.0003954,0.0026761,0.037822,74,8,-0.74937,0.9981,0.99806,0.999995,1016,0,-0.74937,1,0,1.914802083,1,-0.837275
196,scaled,OMM1,AHCYL1,1,8,0.00047182,0.0030217,0.022716,142,8,-0.68308,0.99953,0.99943,0.999995,976,0,-0.68308,1,0,3.25484375,1,-0.837275
207,scaled,OMM23,AHCYL1,1,8,3.6556e-06,4.2033e-05,0.000743,50,8,-0.84186,0.99998,1,0.999995,1009,0,-0.84186,1,0,6.438395833,1,-0.837275
34,scaled,Mel270,AKIRIN2,1,8,1.0311e-05,7.0054e-05,0.002007,35,7,-1.2943,0.99994,0.99995,0.999995,1026,0,-1.2943,1,0,4.114177083,1,-0.8303375
65,scaled,Mel285,AKIRIN2,1,8,6.7484e-05,0.00045302,0.007622,63,7,-0.8023,0.99988,0.99984,0.999995,1011,0,-0.8023,1,0,0.668854167,1,-0.8303375
87,scaled,OMM25,AKIRIN2,1,8,2.9651e-07,4.6703e-06,0.00015,24,8,-0.7087,1,1,0.999995,1044,0,-0.7087,1,0,4.08971875,1,-0.8303375
120,scaled,921,AKIRIN2,1,8,0.00025963,0.0016299,0.028795,63,8,-0.97086,0.99726,0.99718,0.999995,1014,0,-0.97086,1,0,1.492833333,1,-0.8303375
142,scaled,MP38,AKIRIN2,1,8,8.4848e-05,0.00062115,0.007656,84,7,-0.80764,0.99387,0.99387,0.999995,947,0,-0.80764,1,0,2.20228125,1,-0.8303375
168,scaled,MP41,AKIRIN2,1,8,0.00061493,0.0038623,0.044716,90,7,-0.71137,0.90705,0.90637,0.999995,892,0,-0.71137,1,0,2.589135417,1,-0.8303375
187,scaled,OMM1,AKIRIN2,1,8,5.8425e-05,0.0004717,0.005319,91,8,-0.66135,0.99994,0.99994,0.999995,998,0,-0.66135,1,0,3.259260417,1,-0.8303375
213,scaled,OMM23,AKIRIN2,1,8,1.417e-05,0.0001261,0.001714,78,8,-0.68618,0.99992,0.9999,0.999995,997,0,-0.68618,1,0,5.6299375,1,-0.8303375
2,scaled,Mel202,ALDOA,2,8,7.4247e-08,4.6703e-06,0.000225,9,7,-1.6136,1,1,0.999995,1037,0,-1.6136,1,0,11.621,1,-1.380266667
27,scaled,Mel270,ALDOA,2,8,3.0238e-08,4.6703e-06,0.000309,6,7,-1.8834,0.99997,0.99999,0.999995,1032,0,-1.8834,1,0,6.286385417,1,-1.380266667
57,scaled,Mel285,ALDOA,2,8,8.9806e-07,4.6703e-06,0.000183,23,8,-1.1023,1,1,0.999995,1041,0,-1.1023,1,0,1.088208333,1,-1.380266667
84,scaled,OMM25,ALDOA,2,8,1.7018e-07,4.6703e-06,0.00015,19,8,-1.1773,1,1,0.999995,1047,0,-1.1773,1,0,7.046760417,1,-1.380266667
115,scaled,921,ALDOA,2,8,4.4477e-06,4.2033e-05,0.002475,18,7,-1.276,0.90374,0.90325,0.999995,842,0,-1.276,1,0,3.551229167,1,-1.380266667
126,scaled,MP38,ALDOA,2,8,4.5162e-07,4.6703e-06,0.00019,22,7,-1.6982,0.94505,0.94429,0.999995,849,0,-1.6982,1,0,5.238802083,1,-1.380266667
151,scaled,MP41,ALDOA,2,8,2.6924e-06,3.2692e-05,0.001386,24,7,-1.2589,0.70993,0.71007,0.999995,708,0,-1.2589,1,0,4.58384375,1,-1.380266667
174,scaled,OMM1,ALDOA,2,8,8.0272e-07,4.6703e-06,0.000177,28,8,-1.385,1,1,0.999995,1041,0,-1.385,1,0,7.928302083,1,-1.380266667
212,scaled,OMM23,ALDOA,2,8,1.2506e-05,0.00010742,0.001498,75,8,-1.0277,0.99988,0.99984,0.999995,994,0,-1.0277,1,0,7.717458333,1,-1.380266667
11,scaled,Mel202,ATP6V1B2,2,8,1.6858e-05,0.00011676,0.00269,45,7,-0.91411,1,1,0.999995,1039,0,-0.91411,1,0,7.610333333,1,-1.134409
28,scaled,Mel270,ATP6V1B2,2,8,9.369e-07,4.6703e-06,0.000309,14,8,-1.0362,1,1,0.999995,1051,0,-1.0362,1,0,4.46346875,1,-1.134409
61,scaled,Mel285,ATP6V1B2,2,8,2.3891e-05,0.00016346,0.003332,51,7,-1.153,0.99999,1,0.999995,1026,0,-1.153,1,0,1.094791667,1,-1.134409
79,scaled,MP46,ATP6V1B2,2,8,3.7622e-05,0.00032225,0.023824,14,8,-1.5537,0.99996,0.99997,0.999995,1057,0,-1.5537,1,0,0.37784375,1,-1.134409
110,scaled,OMM25,ATP6V1B2,2,8,0.00078481,0.004264,0.029349,154,6,-0.8852,0.99977,0.99971,0.999995,987,0,-0.8852,1,0,5.392322917,1,-1.134409
118,scaled,921,ATP6V1B2,2,8,9.5676e-05,0.00071455,0.017542,42,8,-1.2541,0.99945,0.99933,0.999995,1029,0,-1.2541,1,0,3.835125,1,-1.134409
125,scaled,MP38,ATP6V1B2,2,8,2.2009e-07,4.6703e-06,0.00019,15,8,-1.6066,1,1,0.999995,1051,0,-1.6066,1,0,5.627197917,1,-1.134409
154,scaled,MP41,ATP6V1B2,2,8,8.9526e-06,6.0714e-05,0.001893,30,8,-1.2825,0.99999,1,0.999995,1046,0,-1.2825,1,0,5.443072917,1,-1.134409
184,scaled,OMM1,ATP6V1B2,2,8,3.1355e-05,0.00027555,0.003606,79,7,-0.81596,0.99331,0.99326,0.999995,923,0,-0.81596,1,0,5.622927083,1,-1.134409
206,scaled,OMM23,ATP6V1B2,2,8,3.0509e-06,3.2692e-05,0.000693,47,8,-0.84272,1,1,0.999995,1030,0,-0.84272,1,0,8.005083333,1,-1.134409
19,scaled,Mel202,ATP6V1C1,1,8,0.00031231,0.0016766,0.017424,102,6,-0.74757,1,1,0.999995,1036,0,-0.74757,1,0,5.183791667,1,-0.819857143
48,scaled,Mel270,ATP6V1C1,1,8,0.00024199,0.001275,0.015296,88,6,-1.0726,0.9999,0.99987,0.999995,1021,0,-1.0726,1,0,2.360447917,1,-0.819857143
69,scaled,Mel285,ATP6V1C1,1,8,0.00022331,0.0011536,0.013696,90,6,-0.87908,0.68065,0.6815,0.999995,621,0,-0.87908,1,0,0.478125,1,-0.819857143
96,scaled,OMM25,ATP6V1C1,1,8,2.0065e-05,0.0001728,0.00229,78,7,-0.89899,0.99981,0.99972,0.999995,992,0,-0.89899,1,0,5.152177083,1,-0.819857143
140,scaled,MP38,ATP6V1C1,1,8,5.2113e-05,0.00044368,0.006271,74,8,-0.66586,0.99903,0.99898,0.999995,986,0,-0.66586,1,0,2.049947917,1,-0.819857143
183,scaled,OMM1,ATP6V1C1,1,8,2.3864e-05,0.00020082,0.002916,73,8,-0.77107,0.99998,0.99999,0.999995,1007,0,-0.77107,1,0,4.163989583,1,-0.819857143
208,scaled,OMM23,ATP6V1C1,1,8,7.9376e-06,5.1373e-05,0.000801,63,8,-0.70383,0.99999,1,0.999995,1019,0,-0.70383,1,0,5.1088125,1,-0.819857143
1,scaled,Mel202,CCND1,1,8,3.2477e-08,4.6703e-06,0.000225,8,8,-1.5465,1,1,0.999995,1054,0,-1.5465,1,0,10.80254167,1,-1.538867
26,scaled,Mel270,CCND1,1,8,1.5626e-08,4.6703e-06,0.000309,4,8,-2.0147,1,1,0.999995,1058,0,-2.0147,1,0,6.660677083,1,-1.538867
56,scaled,Mel285,CCND1,1,8,5.8427e-07,4.6703e-06,0.000183,18,8,-1.2812,1,1,0.999995,1044,0,-1.2812,1,0,1.2280625,1,-1.538867
80,scaled,MP46,CCND1,1,8,4.329e-05,0.00035961,0.023824,15,7,-2.1189,0.99945,0.99931,0.999995,1053,0,-2.1189,1,0,0.415614583,1,-1.538867
85,scaled,OMM25,CCND1,1,8,2.0654e-07,4.6703e-06,0.00015,20,8,-0.96887,1,1,0.999995,1046,0,-0.96887,1,0,6.02109375,1,-1.538867
113,scaled,921,CCND1,1,8,4.2777e-08,4.6703e-06,0.000413,7,8,-1.473,1,1,0.999995,1055,0,-1.473,1,0,5.627125,1,-1.538867
123,scaled,MP38,CCND1,1,8,2.7149e-11,4.6703e-06,0.00019,3,8,-1.9201,1,1,0.999995,1060,0,-1.9201,1,0,6.779572917,1,-1.538867
150,scaled,MP41,CCND1,1,8,3.9296e-08,4.6703e-06,0.000291,7,8,-1.805,1,1,0.999995,1058,0,-1.805,1,0,7.94928125,1,-1.538867
172,scaled,OMM1,CCND1,1,8,1.0403e-09,4.6703e-06,0.000177,6,8,-1.6509,1,1,0.999995,1057,0,-1.6509,1,0,9.923260417,1,-1.538867
205,scaled,OMM23,CCND1,1,8,1.3378e-06,1.4011e-05,0.000345,40,8,-0.6095,1,1,0.999995,1033,0,-0.6095,1,0,4.326104167,1,-1.538867
13,scaled,Mel202,CDK2,1,8,8.4492e-05,0.00053708,0.007799,72,6,-0.77343,0.98852,0.98827,0.999995,914,0,-0.77343,1,0,3.562458333,1,-1.001654286
43,scaled,Mel270,CDK2,1,8,9.2014e-05,0.00057444,0.009226,65,7,-1.3455,0.98411,0.98403,0.999995,937,0,-1.3455,1,0,4.89084375,1,-1.001654286
64,scaled,Mel285,CDK2,1,8,5.9586e-05,0.00041565,0.007223,60,6,-0.97282,0.84562,0.84543,0.999995,757,0,-0.97282,1,0,0.718479167,1,-1.001654286
108,scaled,OMM25,CDK2,1,8,0.0006096,0.003414,0.02499,144,7,-0.52207,0.97264,0.97185,0.999995,903,0,-0.52207,1,0,2.42465625,1,-1.001654286
128,scaled,MP38,CDK2,1,8,2.0715e-06,2.3351e-05,0.000728,32,7,-1.4275,0.91818,0.91749,0.999995,820,0,-1.4275,1,0,5.01790625,1,-1.001654286
191,scaled,OMM1,CDK2,1,8,0.00017751,0.0011536,0.010918,112,7,-1.2098,0.98968,0.98951,0.999995,914,0,-1.2098,1,0,5.751489583,1,-1.001654286
221,scaled,OMM23,CDK2,1,8,0.00016071,0.0010321,0.008752,124,8,-0.76046,0.99655,0.99646,0.999995,952,0,-0.76046,1,0,5.410833333,1,-1.001654286
17,scaled,Mel202,CDS2,1,8,0.00024414,0.0012283,0.013562,96,6,-0.92626,0.59986,0.60044,0.999995,522,0,-0.92626,1,0,7.609083333,1,-0.898211667
49,scaled,Mel270,CDS2,1,8,0.00026077,0.0013871,0.016157,92,6,-1.027,0.43313,0.43309,0.999995,410,0,-1.027,1,0,3.40484375,1,-0.898211667
100,scaled,OMM25,CDS2,1,8,9.6903e-05,0.00066785,0.00694,101,7,-0.88796,0.23835,0.24216,0.999995,235,1,-0.88796,1,0,5.118385417,1,-0.898211667
138,scaled,MP38,CDS2,1,8,2.4585e-05,0.00021016,0.003427,66,8,-0.9782,0.99925,0.99914,0.999995,991,0,-0.9782,1,0,3.118552083,1,-0.898211667
190,scaled,OMM1,CDS2,1,8,0.00013603,0.00084532,0.008297,107,7,-0.75269,0.76678,0.76668,0.999995,670,0,-0.75269,1,0,4.845114583,1,-0.898211667
215,scaled,OMM23,CDS2,1,8,2.8585e-05,0.00025687,0.003166,86,7,-0.81716,0.96806,0.9674,0.999995,890,0,-0.81716,1,0,7.853020833,1,-0.898211667
12,scaled,Mel202,CHORDC1,2,6,4.1294e-05,0.00025687,0.004703,57,5,-1.4644,0.99462,0.9944,0.999995,935,0,-1.4644,1,0,8.611680556,1,-1.290826
33,scaled,Mel270,CHORDC1,2,6,8.8838e-06,4.2033e-05,0.001437,34,6,-1.1901,0.99999,1,0.999995,1040,0,-1.1901,1,0,5.847538194,1,-1.290826
71,scaled,Mel285,CHORDC1,2,6,0.00052776,0.0024426,0.024895,108,5,-0.98226,0.63013,0.63187,0.999995,566,0,-0.98226,1,0,0.683465278,1,-1.290826
82,scaled,MP46,CHORDC1,2,6,0.00012042,0.00067719,0.03121,24,4,-2.3062,0.3467,0.39251,0.999995,465,1,-2.3062,1,0,0.157246528,1,-1.290826
103,scaled,OMM25,CHORDC1,2,6,0.00032087,0.0016953,0.014376,127,5,-1.1151,0.99923,0.99928,0.999995,972,0,-1.1151,1,0,7.671253472,1,-1.290826
119,scaled,921,CHORDC1,2,6,0.00019738,0.0010602,0.021611,60,6,-1.1992,0.99515,0.9951,0.999995,1003,0,-1.1992,1,0,3.517854167,1,-1.290826
146,scaled,MP38,CHORDC1,2,6,0.00045689,0.0024426,0.019764,134,5,-1.0231,0.87635,0.87799,0.999995,768,0,-1.0231,1,0,2.890545139,1,-1.290826
157,scaled,MP41,CHORDC1,2,6,8.392e-05,0.00041565,0.009374,50,6,-1.0945,0.99789,0.99788,0.999995,1013,0,-1.0945,1,0,5.010204861,1,-1.290826
192,scaled,OMM1,CHORDC1,2,6,0.00027235,0.0014618,0.013021,121,6,-1.2164,0.99973,0.99973,0.999995,982,0,-1.2164,1,0,6.914399306,1,-1.290826
211,scaled,OMM23,CHORDC1,2,6,1.2271e-05,7.0054e-05,0.00099,74,6,-1.317,0.99992,0.99995,0.999995,998,0,-1.317,1,0,11.65325,1,-1.290826
8,scaled,Mel202,DYNLRB1,2,7,6.8782e-06,4.2033e-05,0.001238,37,7,-1.3678,0.99999,1,0.999995,1031,0,-1.3678,1,0,8.785220238,1,-1.246177
32,scaled,Mel270,DYNLRB1,2,7,5.9292e-06,4.2033e-05,0.001437,29,7,-1.3739,0.99999,1,0.999995,1043,0,-1.3739,1,0,4.46606994,1,-1.246177
54,scaled,Mel285,DYNLRB1,2,7,1.883e-07,4.6703e-06,0.000183,15,7,-1.1179,1,1,0.999995,1049,0,-1.1179,1,0,1.211199405,1,-1.246177
78,scaled,MP46,DYNLRB1,2,7,9.9248e-06,5.1373e-05,0.009076,6,6,-1.9824,0.99454,0.99419,0.999995,1035,0,-1.9824,1,0,0.340885417,1,-1.246177
90,scaled,OMM25,DYNLRB1,2,7,2.7364e-06,3.2692e-05,0.00077,41,7,-0.97545,1,1,0.999995,1031,0,-0.97545,1,0,6.563364583,1,-1.246177
122,scaled,921,DYNLRB1,2,7,0.00040506,0.0023118,0.034514,73,7,-1.1275,0.99951,0.99953,0.999995,1031,0,-1.1275,1,0,1.925794643,1,-1.246177
134,scaled,MP38,DYNLRB1,2,7,8.2795e-06,5.1373e-05,0.001134,47,7,-1.3987,0.99991,0.99992,0.999995,1013,0,-1.3987,1,0,5.016537202,1,-1.246177
155,scaled,MP41,DYNLRB1,2,7,1.3774e-05,6.0714e-05,0.001893,35,7,-1.2224,0.99999,1,0.999995,1045,0,-1.2224,1,0,4.730986607,1,-1.246177
175,scaled,OMM1,DYNLRB1,2,7,1.3077e-06,1.4011e-05,0.000413,31,7,-1.1383,1,1,0.999995,1038,0,-1.1383,1,0,7.539296131,1,-1.246177
219,scaled,OMM23,DYNLRB1,2,7,7.6614e-05,0.00044368,0.004703,104,7,-0.75742,0.99986,0.9999,0.999995,991,0,-0.75742,1,0,5.099285714,1,-1.246177
5,scaled,Mel202,HMGCS1,2,7,1.9934e-06,2.3351e-05,0.000854,27,7,-1.1556,1,1,0.999995,1041,0,-1.1556,1,0,7.100934524,1,-1.36563875
41,scaled,Mel270,HMGCS1,2,7,7.7917e-05,0.00037829,0.007291,62,5,-1.5249,0.99975,0.9998,0.999995,1013,0,-1.5249,1,0,4.653284226,1,-1.36563875
60,scaled,Mel285,HMGCS1,2,7,1.4458e-05,6.0714e-05,0.00143,47,5,-1.1203,0.99965,0.9997,0.999995,999,0,-1.1203,1,0,0.906627976,1,-1.36563875
91,scaled,OMM25,HMGCS1,2,7,4.84e-06,4.2033e-05,0.00081,51,7,-1.5565,1,1,0.999995,1022,0,-1.5565,1,0,8.78355506,1,-1.36563875
130,scaled,MP38,HMGCS1,2,7,3.4773e-06,3.2692e-05,0.000937,37,7,-1.6944,1,1,0.999995,1040,0,-1.6944,1,0,5.717870536,1,-1.36563875
153,scaled,MP41,HMGCS1,2,7,8.7496e-06,5.1373e-05,0.001893,29,7,-0.96431,0.99999,1,0.999995,1047,0,-0.96431,1,0,5.579962798,1,-1.36563875
176,scaled,OMM1,HMGCS1,2,7,1.7622e-06,1.4011e-05,0.000413,33,7,-1.7756,1,1,0.999995,1036,0,-1.7756,1,0,8.978296131,1,-1.36563875
203,scaled,OMM23,HMGCS1,2,7,4.6607e-07,4.6703e-06,0.00013,31,7,-1.1335,1,1,0.999995,1039,0,-1.1335,1,0,10.85478571,1,-1.36563875
10,scaled,Mel202,HUS1,2,8,1.6521e-05,0.00011676,0.00269,44,7,-0.91041,0.99963,0.99955,0.999995,988,0,-0.91041,1,0,5.906458333,1,-0.906088571
30,scaled,Mel270,HUS1,2,8,3.3008e-06,4.2033e-05,0.001437,24,7,-1.394,0.99793,0.99793,0.999995,989,0,-1.394,1,0,3.481260417,1,-0.906088571
74,scaled,Mel285,HUS1,2,8,0.00078966,0.0037969,0.033205,122,6,-0.75862,0.99999,1,0.999995,1027,0,-0.75862,1,0,0.7178125,1,-0.906088571
94,scaled,OMM25,HUS1,2,8,1.7207e-05,0.00014478,0.002046,74,8,-0.60703,0.99998,1,0.999995,1011,0,-0.60703,1,0,3.452239583,1,-0.906088571
116,scaled,921,HUS1,2,8,7.6035e-06,5.1373e-05,0.002593,20,7,-1.4232,0.95053,0.95009,0.999995,897,0,-1.4232,1,0,3.863729167,1,-0.906088571
198,scaled,OMM1,HUS1,2,8,0.0010028,0.0058799,0.037099,167,8,-0.76702,0.99864,0.99859,0.999995,959,0,-0.76702,1,0,3.419427083,1,-0.906088571
226,scaled,OMM23,HUS1,2,8,0.0011475,0.0067579,0.041891,171,7,-0.48234,0.74539,0.74469,0.999995,675,0,-0.48234,1,0,2.078333333,1,-0.906088571
3,scaled,Mel202,INTS6,2,6,3.8395e-07,4.6703e-06,0.000225,16,6,-1.7219,1,1,0.999995,1049,0,-1.7219,1,0,12.76884722,1,-1.4487775
29,scaled,Mel270,INTS6,2,6,2.2222e-06,4.6703e-06,0.000309,19,6,-1.8841,1,1,0.999995,1048,0,-1.8841,1,0,6.662482639,1,-1.4487775
67,scaled,Mel285,INTS6,2,6,0.00010044,0.00048104,0.007677,72,5,-1.0313,0.96372,0.96388,0.999995,888,0,-1.0313,1,0,0.878381944,1,-1.4487775
86,scaled,OMM25,INTS6,2,6,2.7413e-07,4.6703e-06,0.00015,22,6,-1.8417,1,1,0.999995,1045,0,-1.8417,1,0,10.91819792,1,-1.4487775
129,scaled,MP38,INTS6,2,6,3.3596e-06,1.4011e-05,0.00045,36,6,-1.282,1,1,0.999995,1041,0,-1.282,1,0,4.597795139,1,-1.4487775
159,scaled,MP41,INTS6,2,6,0.00013354,0.00074257,0.015137,54,6,-0.87032,0.99987,0.9999,0.999995,1039,0,-0.87032,1,0,3.056038194,1,-1.4487775
181,scaled,OMM1,INTS6,2,6,7.3665e-06,3.2692e-05,0.00077,53,6,-1.5552,0.99999,1,0.999995,1022,0,-1.5552,1,0,9.189038194,1,-1.4487775
204,scaled,OMM23,INTS6,2,6,1.3254e-06,4.6703e-06,0.00013,39,6,-1.4037,1,1,0.999995,1034,0,-1.4037,1,0,11.32119444,1,-1.4487775
39,scaled,Mel270,KIF4A,2,8,7.0006e-05,0.00045302,0.008425,58,7,-1.124,0.9996,0.9995,0.999995,1008,0,-1.124,1,0,2.966760417,1,-0.95698
72,scaled,Mel285,KIF4A,2,8,0.00055255,0.0027601,0.026123,110,4,-0.83116,0.99982,0.99973,0.999995,1008,0,-0.83116,1,0,0.731208333,1,-0.95698
107,scaled,OMM25,KIF4A,2,8,0.00057254,0.0032178,0.02402,143,7,-0.78635,0.99984,0.99976,0.999995,997,0,-0.78635,1,0,5.230135417,1,-0.95698
132,scaled,MP38,KIF4A,2,8,4.4915e-06,4.2033e-05,0.00099,41,8,-1.1394,1,1,0.999995,1037,0,-1.1394,1,0,4.08528125,1,-0.95698
158,scaled,MP41,KIF4A,2,8,0.00011853,0.00078928,0.015493,51,7,-1.0539,0.99427,0.9942,0.999995,1002,0,-1.0539,1,0,4.519052083,1,-0.95698
214,scaled,OMM23,KIF4A,2,8,1.6437e-05,0.00014478,0.001895,80,8,-0.80707,0.99975,0.99969,0.999995,982,0,-0.80707,1,0,6.7056875,1,-0.95698
18,scaled,Mel202,LSM4,2,8,0.00024647,0.0012283,0.013562,97,5,-1.1274,0.48841,0.48869,0.999995,434,0,-1.1274,1,0,6.71325,1,-1.194578571
52,scaled,Mel270,LSM4,2,8,0.0012221,0.0054969,0.043483,134,5,-1.0834,0.33846,0.33845,0.999995,320,0,-1.0834,1,0,2.68228125,1,-1.194578571
75,scaled,Mel285,LSM4,2,8,0.00080385,0.003853,0.033205,123,5,-0.95445,0.86975,0.8692,0.999995,779,0,-0.95445,1,0,0.589479167,1,-1.194578571
102,scaled,OMM25,LSM4,2,8,0.00031606,0.0018821,0.015834,125,6,-1.1394,0.094111,0.1198,0.999995,122,1,-1.1394,1,0,6.408239583,1,-1.194578571
148,scaled,MP38,LSM4,2,8,0.00058239,0.0036662,0.026801,144,7,-1.0862,0.99679,0.99663,0.999995,962,0,-1.0862,1,0,3.571489583,1,-1.194578571
189,scaled,OMM1,LSM4,2,8,0.00013562,0.00083598,0.008282,106,8,-1.6669,0.99986,0.99981,0.999995,989,0,-1.6669,1,0,6.471447917,1,-1.194578571
223,scaled,OMM23,LSM4,2,8,0.00036543,0.0024799,0.019188,136,7,-1.3043,0.9934,0.99332,0.999995,935,0,-1.3043,1,0,9.506770833,1,-1.194578571
15,scaled,Mel202,NAE1,2,16,0.0001592,0.0012843,0.014035,86,8,-0.68358,0.99043,0.99124,0.999995,920,0,-0.68358,1,0,5.768458333,1,-0.846863333
25,scaled,Mel270,NAE1,2,16,3.4297e-10,4.6703e-06,0.000309,3,14,-0.85039,0.9756,0.97603,0.999995,921,0,-0.85039,1,0,3.308333333,1,-0.846863333
68,scaled,Mel285,NAE1,2,16,0.00015576,0.001275,0.01469,80,10,-0.81774,0.92731,0.92781,0.999995,848,0,-0.81774,1,0,0.828239583,1,-0.846863333
83,scaled,OMM25,NAE1,2,16,7.1451e-14,4.6703e-06,0.00015,2,15,-1.145,0.99927,0.99937,0.999995,973,0,-1.145,1,0,5.925083333,1,-0.846863333
111,scaled,921,NAE1,2,16,3.8038e-10,4.6703e-06,0.000413,2,15,-0.89626,0.37951,0.38604,0.999995,339,1,-0.89626,1,0,1.884427083,1,-0.846863333
124,scaled,MP38,NAE1,2,16,2.7802e-11,4.6703e-06,0.00019,4,15,-0.74171,0.99886,0.9991,0.999995,982,0,-0.74171,1,0,3.422885417,1,-0.846863333
149,scaled,MP41,NAE1,2,16,1.4187e-08,4.6703e-06,0.000291,4,15,-0.73409,0.74508,0.74406,0.999995,746,0,-0.73409,1,0,3.116197917,1,-0.846863333
171,scaled,OMM1,NAE1,2,16,4.2575e-11,4.6703e-06,0.000177,3,15,-0.81939,0.99992,0.99989,0.999995,993,0,-0.81939,1,0,4.740854167,1,-0.846863333
200,scaled,OMM23,NAE1,2,16,4.5107e-13,4.6703e-06,0.00013,2,15,-0.93361,0.99952,0.99954,0.999995,977,0,-0.93361,1,0,7.956208333,1,-0.846863333
21,scaled,Mel202,NXT1,2,8,0.00059342,0.0029283,0.025653,121,5,-1.0613,0.96642,0.96588,0.999995,876,0,-1.0613,1,0,6.1025,1,-1.066963333
37,scaled,Mel270,NXT1,2,8,3.0514e-05,0.0002195,0.004748,47,5,-1.2901,0.99995,0.99995,0.999995,1028,0,-1.2901,1,0,4.23971875,1,-1.066963333
70,scaled,Mel285,NXT1,2,8,0.0002737,0.0014431,0.016448,94,5,-1.0719,0.9999,0.99988,0.999995,1016,0,-1.0719,1,0,0.921479167,1,-1.066963333
117,scaled,921,NXT1,2,8,2.5086e-05,0.00022884,0.008984,27,6,-0.90314,0.8819,0.88142,0.999995,822,0,-0.90314,1,0,2.377083333,1,-1.066963333
145,scaled,MP38,NXT1,2,8,0.00018256,0.0012003,0.011672,108,6,-0.76954,0.8271,0.8268,0.999995,720,0,-0.76954,1,0,2.495385417,1,-1.066963333
173,scaled,OMM1,NXT1,2,8,3.0632e-07,4.6703e-06,0.000177,22,7,-1.3058,0.995,0.99501,0.999995,930,0,-1.3058,1,0,7.567802083,1,-1.066963333
22,scaled,Mel202,PPP2R1A,1,8,0.00063644,0.0031151,0.026416,124,5,-1.0454,0.7223,0.72188,0.999995,638,0,-1.0454,1,0,6.417625,1,-1.12141
51,scaled,Mel270,PPP2R1A,1,8,0.00049533,0.0025173,0.025173,106,5,-1.1781,0.85133,0.85128,0.999995,784,0,-1.1781,1,0,4.376927083,1,-1.12141
76,scaled,Mel285,PPP2R1A,1,8,0.0010372,0.004731,0.037991,132,6,-0.89349,0.70644,0.70688,0.999995,643,0,-0.89349,1,0,0.759375,1,-1.12141
98,scaled,OMM25,PPP2R1A,1,8,4.2916e-05,0.00035961,0.004283,87,7,-0.76788,0.2903,0.29118,0.999995,282,1,-0.76788,1,0,4.37740625,1,-1.12141
167,scaled,MP41,PPP2R1A,1,8,0.00058841,0.0037035,0.044109,87,8,-1.3997,0.99848,0.99846,0.999995,1019,0,-1.3997,1,0,4.93940625,1,-1.12141
177,scaled,OMM1,PPP2R1A,1,8,3.0942e-06,3.2692e-05,0.00077,41,7,-1.4682,0.68305,0.68392,0.999995,598,0,-1.4682,1,0,7.246364583,1,-1.12141
217,scaled,OMM23,PPP2R1A,1,8,4.0531e-05,0.00034093,0.003886,92,7,-1.0971,0.98766,0.98754,0.999995,920,0,-1.0971,1,0,8.6505,1,-1.12141
38,scaled,Mel270,PRKDC,2,16,5.7802e-05,0.0005651,0.009216,56,10,-0.80742,0.96606,0.96674,0.999995,906,0,-0.80742,1,0,1.745458333,1,-0.64916375
81,scaled,MP46,PRKDC,2,16,0.00010626,0.0010135,0.042841,22,11,-1.1821,0.49753,0.66038,0.999995,553,2,-1.1821,1,0,0.021354167,1,-0.64916375
105,scaled,OMM25,PRKDC,2,16,0.00040922,0.0033299,0.024683,135,11,-0.39092,0.86176,0.86171,0.999995,797,0,-0.39092,1,0,1.230458333,1,-0.64916375
112,scaled,921,PRKDC,2,16,4.6671e-10,4.6703e-06,0.000413,3,15,-0.97692,0.99846,0.99863,0.999995,1022,0,-0.97692,1,0,1.609166667,1,-0.64916375
135,scaled,MP38,PRKDC,2,16,1.055e-05,0.00013544,0.002519,50,14,-0.5289,0.98018,0.98085,0.999995,904,0,-0.5289,1,0,1.33896875,1,-0.64916375
152,scaled,MP41,PRKDC,2,16,6.8452e-06,7.9395e-05,0.002338,27,14,-0.53044,0.99957,0.99958,0.999995,1030,0,-0.53044,1,0,1.07525,1,-0.64916375
194,scaled,OMM1,PRKDC,2,16,0.00042887,0.0041052,0.028074,136,12,-0.30723,0.51837,0.51628,0.999995,464,0,-0.30723,1,0,0.52765625,1,-0.64916375
202,scaled,OMM23,PRKDC,2,16,1.567e-07,1.4011e-05,0.000345,22,15,-0.46938,0.99613,0.99672,0.999995,948,0,-0.46938,1,0,2.734197917,1,-0.64916375
9,scaled,Mel202,RBBP4,1,7,8.4996e-06,5.1373e-05,0.001433,38,6,-1.3464,0.94006,0.93939,0.999995,844,0,-1.3464,1,0,9.295886905,1,-1.436527143
35,scaled,Mel270,RBBP4,1,7,1.123e-05,5.1373e-05,0.001513,36,6,-2.4952,0.99278,0.99254,0.999995,966,0,-2.4952,1,0,5.249855655,1,-1.436527143
77,scaled,Mel285,RBBP4,1,7,0.0011462,0.0050019,0.039567,135,5,-0.96159,0.66556,0.66485,0.999995,603,0,-0.96159,1,0,0.40241369,1,-1.436527143
92,scaled,OMM25,RBBP4,1,7,5.2735e-06,4.2033e-05,0.00081,53,6,-1.2748,0.27606,0.27593,0.999995,269,1,-1.2748,1,0,7.855269345,1,-1.436527143
164,scaled,MP41,RBBP4,1,7,0.00044347,0.002536,0.036326,77,6,-1.5702,0.96577,0.96566,0.999995,955,0,-1.5702,1,0,5.591200893,1,-1.436527143
197,scaled,OMM1,RBBP4,1,7,0.00068071,0.0039744,0.027716,153,6,-1.25,0.86789,0.86713,0.999995,755,0,-1.25,1,0,7.012010417,1,-1.436527143
225,scaled,OMM23,RBBP4,1,7,0.00074251,0.0043854,0.029421,157,6,-1.1575,0.83301,0.83138,0.999995,760,0,-1.1575,1,0,9.161619048,1,-1.436527143
47,scaled,Mel270,RIC8A,2,8,0.00021858,0.0011816,0.014396,86,6,-1.4527,0.99984,0.99975,0.999995,1017,0,-1.4527,1,0,4.28246875,1,-0.95326125
63,scaled,Mel285,RIC8A,2,8,3.7415e-05,0.00027555,0.004868,56,7,-0.84739,0.99999,1,0.999995,1028,0,-0.84739,1,0,0.867041667,1,-0.95326125
89,scaled,OMM25,RIC8A,2,8,1.5861e-06,1.4011e-05,0.000391,37,8,-0.89106,1,1,0.999995,1028,0,-0.89106,1,0,6.66634375,1,-0.95326125
121,scaled,921,RIC8A,2,8,0.00027119,0.0017514,0.030433,64,7,-1.2234,0.99498,0.995,0.999995,1001,0,-1.2234,1,0,3.6695,1,-0.95326125
133,scaled,MP38,RIC8A,2,8,5.1653e-06,4.2033e-05,0.00099,43,8,-0.94457,0.99849,0.99846,0.999995,978,0,-0.94457,1,0,3.528302083,1,-0.95326125
170,scaled,MP41,RIC8A,2,8,0.00068645,0.0041986,0.046847,93,6,-0.74754,0.92196,0.92144,0.999995,905,0,-0.74754,1,0,2.89540625,1,-0.95326125
188,scaled,OMM1,RIC8A,2,8,8.4519e-05,0.00062115,0.006651,97,8,-0.66106,0.99992,0.9999,0.999995,992,0,-0.66106,1,0,3.937385417,1,-0.95326125
201,scaled,OMM23,RIC8A,2,8,7.9573e-08,4.6703e-06,0.00013,20,8,-0.85837,1,1,0.999995,1049,0,-0.85837,1,0,10.23927083,1,-0.95326125
7,scaled,Mel202,RNF113A,2,8,4.1445e-06,4.2033e-05,0.001238,31,7,-0.97414,0.90844,0.9077,0.999995,803,0,-0.97414,1,0,9.0865,1,-0.897985714
36,scaled,Mel270,RNF113A,2,8,2.6772e-05,0.00021016,0.004748,44,7,-1.2671,0.59735,0.59787,0.999995,570,0,-1.2671,1,0,5.54340625,1,-0.897985714
73,scaled,Mel285,RNF113A,2,8,0.00078407,0.0037876,0.033205,121,6,-0.86095,0.75316,0.75283,0.999995,682,0,-0.86095,1,0,0.679854167,1,-0.897985714
101,scaled,OMM25,RNF113A,2,8,0.0002585,0.0014618,0.012806,121,7,-0.71418,0.73275,0.73225,0.999995,686,0,-0.71418,1,0,5.137260417,1,-0.897985714
141,scaled,MP38,RNF113A,2,8,8.3517e-05,0.00061181,0.00763,83,7,-1.0724,0.96344,0.96289,0.999995,870,0,-1.0724,1,0,3.99740625,1,-0.897985714
193,scaled,OMM1,RNF113A,2,8,0.0003668,0.0024893,0.020297,127,7,-0.74078,0.97295,0.9722,0.999995,880,0,-0.74078,1,0,4.76534375,1,-0.897985714
222,scaled,OMM23,RNF113A,2,8,0.00021413,0.0013217,0.010777,129,7,-0.65635,0.95679,0.95594,0.999995,867,0,-0.65635,1,0,8.091770833,1,-0.897985714
20,scaled,Mel202,RNF40,1,8,0.00044196,0.0023492,0.021843,114,5,-1.0656,0.98207,0.98174,0.999995,904,0,-1.0656,1,0,5.452958333,1,-1.019293333
50,scaled,Mel270,RNF40,1,8,0.00026884,0.0014618,0.016842,93,6,-1.2362,0.99882,0.99881,0.999995,997,0,-1.2362,1,0,2.908072917,1,-1.019293333
137,scaled,MP38,RNF40,1,8,2.4118e-05,0.00020082,0.003379,64,8,-1.1165,0.99998,0.99999,0.999995,1028,0,-1.1165,1,0,3.158697917,1,-1.019293333
166,scaled,MP41,RNF40,1,8,0.0005856,0.0036848,0.044109,86,7,-0.98742,0.67128,0.67224,0.999995,677,0,-0.98742,1,0,2.382635417,1,-1.019293333
180,scaled,OMM1,RNF40,1,8,5.6347e-06,4.2033e-05,0.000825,48,8,-1.1456,0.99999,1,0.999995,1025,0,-1.1456,1,0,5.602947917,1,-1.019293333
224,scaled,OMM23,RNF40,1,8,0.00062502,0.003881,0.026842,151,8,-0.56444,0.99937,0.99924,0.999995,973,0,-0.56444,1,0,3.579520833,1,-1.019293333
6,scaled,Mel202,RRM2,1,7,2.4071e-06,2.3351e-05,0.000854,28,5,-1.8172,0.85856,0.85715,0.999995,751,0,-1.8172,1,0,11.4833631,1,-1.21696
31,scaled,Mel270,RRM2,1,7,3.6867e-06,3.2692e-05,0.001437,25,5,-1.5348,0.82181,0.82025,0.999995,766,0,-1.5348,1,0,5.176498512,1,-1.21696
62,scaled,Mel285,RRM2,1,7,3.1235e-05,0.00015412,0.003203,53,4,-0.64749,0.79412,0.79244,0.999995,710,0,-0.64749,1,0,0.717651786,1,-1.21696
88,scaled,OMM25,RRM2,1,7,6.0471e-07,4.6703e-06,0.00015,27,5,-1.2999,0.68724,0.68618,0.999995,648,0,-1.2999,1,0,6.609626488,1,-1.21696
114,scaled,921,RRM2,1,7,4.7199e-07,4.6703e-06,0.000413,12,6,-2.1459,0.76163,0.76058,0.999995,707,0,-2.1459,1,0,5.423889881,1,-1.21696
144,scaled,MP38,RRM2,1,7,9.6662e-05,0.00049972,0.006791,90,5,-0.68733,0.76869,0.76742,0.999995,670,0,-0.68733,1,0,3.382465774,1,-1.21696
156,scaled,MP41,RRM2,1,7,1.5155e-05,6.0714e-05,0.001893,38,6,-1.0516,0.89253,0.8914,0.999995,874,0,-1.0516,1,0,4.634700893,1,-1.21696
178,scaled,OMM1,RRM2,1,7,3.6141e-06,3.2692e-05,0.00077,43,6,-1.0034,0.96889,0.96871,0.999995,873,0,-1.0034,1,0,6.652796131,1,-1.21696
209,scaled,OMM23,RRM2,1,7,8.2931e-06,5.1373e-05,0.000801,64,6,-0.76502,0.97486,0.97481,0.999995,903,0,-0.76502,1,0,8.387404762,1,-1.21696
24,scaled,Mel202,SFPQ,1,8,0.0013958,0.0061321,0.046429,139,4,-0.53549,0.87285,0.87213,0.999995,769,0,-0.53549,1,0,6.5145,1,-0.71468625
53,scaled,Mel270,SFPQ,1,8,0.0013958,0.0063656,0.048197,139,4,-0.74798,0.94806,0.94752,0.999995,880,0,-0.74798,1,0,3.658802083,1,-0.71468625
66,scaled,Mel285,SFPQ,1,8,8.5762e-05,0.00054642,0.008274,69,5,-0.70016,0.28406,0.28456,0.999995,240,0,-0.70016,1,0,0.66025,1,-0.71468625
99,scaled,OMM25,SFPQ,1,8,7.2539e-05,0.00052774,0.005767,96,7,-1.0623,0.99796,0.99794,0.999995,956,0,-1.0623,1,0,7.556010417,1,-0.71468625
147,scaled,MP38,SFPQ,1,8,0.00046545,0.0030123,0.023138,136,6,-0.7193,0.99701,0.99687,0.999995,966,0,-0.7193,1,0,3.773135417,1,-0.71468625
165,scaled,MP41,SFPQ,1,8,0.00046545,0.0030123,0.039779,80,4,-0.79049,0.75858,0.75852,0.999995,758,0,-0.79049,1,0,4.561052083,1,-0.71468625
195,scaled,OMM1,SFPQ,1,8,0.00046545,0.0030123,0.022716,141,6,-0.58685,0.9404,0.93971,0.999995,839,0,-0.58685,1,0,5.46846875,1,-0.71468625
227,scaled,OMM23,SFPQ,1,8,0.0011726,0.0068793,0.042396,172,6,-0.57492,0.94636,0.94574,0.999995,853,0,-0.57492,1,0,7.8155,1,-0.71468625
46,scaled,Mel270,SIN3A,2,8,0.00017339,0.0010041,0.012671,81,6,-0.92617,0.99983,0.99974,0.999995,1016,0,-0.92617,1,0,2.710177083,1,-0.8108
55,scaled,Mel285,SIN3A,2,8,2.2289e-07,4.6703e-06,0.000183,16,8,-1.005,1,1,0.999995,1048,0,-1.005,1,0,1.011895833,1,-0.8108
106,scaled,OMM25,SIN3A,2,8,0.00054052,0.0030217,0.02321,138,7,-0.55878,0.99912,0.99902,0.999995,968,0,-0.55878,1,0,2.755947917,1,-0.8108
163,scaled,MP41,SIN3A,2,8,0.00041643,0.0028068,0.039148,75,8,-0.81966,0.99889,0.99887,0.999995,1023,0,-0.81966,1,0,3.115739583,1,-0.8108
182,scaled,OMM1,SIN3A,2,8,1.1684e-05,8.8735e-05,0.001542,60,8,-0.85356,0.99999,1,0.999995,1016,0,-0.85356,1,0,5.989427083,1,-0.8108
218,scaled,OMM23,SIN3A,2,8,4.8102e-05,0.00039697,0.004338,97,8,-0.70163,0.99995,0.99995,0.999995,1001,0,-0.70163,1,0,6.529666667,1,-0.8108
23,scaled,Mel202,SMARCA4,1,8,0.00079246,0.0038063,0.031112,129,6,-0.84993,0.68065,0.6815,0.999995,605,0,-0.84993,1,0,4.21225,1,-0.770846667
42,scaled,Mel270,SMARCA4,1,8,8.1231e-05,0.0005184,0.008741,63,7,-1.0166,0.44269,0.44314,0.999995,421,0,-1.0166,1,0,2.396197917,1,-0.770846667
109,scaled,OMM25,SMARCA4,1,8,0.00062935,0.0034794,0.025089,147,7,-0.54045,0.70001,0.70043,0.999995,661,0,-0.54045,1,0,2.406927083,1,-0.770846667
139,scaled,MP38,SMARCA4,1,8,2.8405e-05,0.00025687,0.00389,68,8,-0.81069,0.99997,0.99999,0.999995,1024,0,-0.81069,1,0,2.81603125,1,-0.770846667
161,scaled,MP41,SMARCA4,1,8,0.00034501,0.0023678,0.035351,71,6,-0.93846,0.93524,0.93452,0.999995,916,0,-0.93846,1,0,2.390052083,1,-0.770846667
199,scaled,OMM1,SMARCA4,1,8,0.0012669,0.0074211,0.044193,178,7,-0.46895,0.22579,0.22606,0.999995,207,0,-0.46895,1,0,2.239739583,1,-0.770846667
16,scaled,Mel202,SOD1,2,8,0.0002021,0.0010508,0.012515,92,6,-0.92573,0.62306,0.62366,0.999995,535,0,-0.92573,1,0,7.282458333,1,-1.134475714
40,scaled,Mel270,SOD1,2,8,7.4159e-05,0.00049972,0.008684,60,6,-1.2886,0.98527,0.98516,0.999995,941,0,-1.2886,1,0,3.27921875,1,-1.134475714
58,scaled,Mel285,SOD1,2,8,8.5943e-06,6.0714e-05,0.00143,43,6,-1.1289,0.97015,0.96953,0.999995,901,0,-1.1289,1,0,0.8299375,1,-1.134475714
97,scaled,OMM25,SOD1,2,8,2.0174e-05,0.0001728,0.00229,79,6,-1.2244,0.84176,0.84144,0.999995,775,0,-1.2244,1,0,7.378552083,1,-1.134475714
143,scaled,MP38,SOD1,2,8,9.2991e-05,0.00067719,0.007888,89,7,-1.1522,0.98563,0.98552,0.999995,924,0,-1.1522,1,0,3.84428125,1,-1.134475714
186,scaled,OMM1,SOD1,2,8,5.7512e-05,0.0004717,0.005319,90,8,-1.1345,0.99994,0.99995,0.999995,999,0,-1.1345,1,0,5.951614583,1,-1.134475714
220,scaled,OMM23,SOD1,2,8,8.6878e-05,0.00064917,0.006371,107,8,-1.087,0.9998,0.99972,0.999995,984,0,-1.087,1,0,7.875083333,1,-1.134475714
14,scaled,Mel202,VMP1,2,8,0.00010432,0.00061181,0.008647,75,6,-0.82939,1,1,0.999995,1038,0,-0.82939,1,0,7.042041667,1,-1.02684125
45,scaled,Mel270,VMP1,2,8,0.00013854,0.00074257,0.010089,76,7,-1.1143,0.99647,0.99641,0.999995,979,0,-1.1143,1,0,3.67646875,1,-1.02684125
59,scaled,Mel285,VMP1,2,8,1.0311e-05,7.0054e-05,0.001614,45,7,-0.96039,0.14003,0.1406,0.999995,104,0,-0.96039,1,0,0.7094375,1,-1.02684125
93,scaled,OMM25,VMP1,2,8,9.806e-06,6.0714e-05,0.000946,63,8,-0.94118,0.99999,1,0.999995,1017,0,-0.94118,1,0,7.060197917,1,-1.02684125
131,scaled,MP38,VMP1,2,8,4.1706e-06,4.2033e-05,0.00099,40,8,-1.1566,1,1,0.999995,1038,0,-1.1566,1,0,4.513114583,1,-1.02684125
160,scaled,MP41,VMP1,2,8,0.00019706,0.001247,0.020808,60,7,-1.1191,0.98162,0.98122,0.999995,973,0,-1.1191,1,0,4.59021875,1,-1.02684125
179,scaled,OMM1,VMP1,2,8,4.0445e-06,4.2033e-05,0.000825,45,8,-1.1383,1,1,0.999995,1028,0,-1.1383,1,0,6.148822917,1,-1.02684125
210,scaled,OMM23,VMP1,2,8,9.6045e-06,6.0714e-05,0.000882,67,8,-0.95547,0.99998,1,0.999995,1007,0,-0.95547,1,0,9.645083333,1,-1.02684125
4,scaled,Mel202,ZNF407,2,8,3.883e-07,4.6703e-06,0.000225,17,8,-0.82189,1,1,0.999995,1048,0,-0.82189,1,0,5.823458333,1,-0.746911667
104,scaled,OMM25,ZNF407,2,8,0.00038207,0.0023305,0.018857,130,7,-0.64408,0.99443,0.99437,0.999995,943,0,-0.64408,1,0,4.67196875,1,-0.746911667
136,scaled,MP38,ZNF407,2,8,1.3037e-05,0.00011676,0.002292,54,8,-0.8262,0.99995,0.99995,0.999995,1020,0,-0.8262,1,0,3.643052083,1,-0.746911667
169,scaled,MP41,ZNF407,2,8,0.00066183,0.0040678,0.045871,92,7,-0.78156,0.97915,0.97861,0.999995,970,0,-0.78156,1,0,2.81871875,1,-0.746911667
185,scaled,OMM1,ZNF407,2,8,5.5998e-05,0.00046236,0.005319,88,7,-0.71647,0.98508,0.98501,0.999995,901,0,-0.71647,1,0,5.793635417,1,-0.746911667
216,scaled,OMM23,ZNF407,2,8,3.4976e-05,0.00031291,0.003685,90,7,-0.69127,0.95895,0.95816,0.999995,873,0,-0.69127,1,0,7.0205,1,-0.746911667